Feature,Importance_Gain
n_CpG,5.563255786895752
global_mean,5.523050785064697
